5918	-14.04	7094
537	-7.19	4627
149951	-6.83	2316
3107	-4.61	60
952	-4.44	7057
142679	-2.93	87
79036	-2.69	7414
3106	-2.55	2243
282973	-2.28	3674
5816	-2.21	5473
26031	-2.01	2244
3273	-1.63	2162
10451	-1.6	83706
7145	-1.59	3690
1962	-1.58	81027
51752	-1.55	5216
5649	17.64	5315
79143	8.66	4052
90678	7.64	7450
51065	6.72	7277
221184	6.41	7171
56943	6.12	2934
4731	5.96	2266
4940	5.57	22915
147007	5.16	1213
6305		9948
162427	4.34	3043
3181	3.83	10383
4121	3.66	3312
1511	2.88	5908
6590	2.73	7791
11163	2.55	2597
121504	2.49	3039
6208	2.45	7534
54887	2.44	8407
301	2.39	2023
2512	2.38	5339
6708	2.09	3309
129642	2.09	3611
3936	2.08	2153
22994	2	489
10087	1.78	2040
57674	1.7	9124
6280	1.66	5197
5184	1.6	3320
6279	1.58	1072
9919	1.55	4478
8675	-1.71	81
		5478
		226
		7184
		10788
		10487
		9588
		6711
		70
		6710
		7415
		5341
		2811
		7531
		8436
		3987
		4637
		30845
		1192
		823
		2335
		800
		5230
		10627
		832
		9475
		10096
		23499
		51411
		201294
		3098
		397
		3418
		10059
		3655
		5196
		5834
		64423
		5479
		7167
		5034
		4638
		6813
		29780
		4860
		23193
		498
		6403
		7408
		3315
		5214
		9793
		3688
		8654
		1265
		2814
		811
		6251
		3304
		9446
		2017
		506
		23603
		2194
		239
		377
		5175
		3329
		7168
		6622
		10097
		3945
		6515
		7169
		2533
		2273
		10095
		1727
		80739
		9414
		81876
		7419
		91624
		11117
		57142
		3939
		29109
		3105
		760
		11151
		7174
		23218
		2539
		23191
		1778
		3326
		23526
		2950
		22919
		9260
		5874
		10109
		57091
		4811
		6233
		5836
		6714
		6648
		7317
		6786
		7533
		340205
		47
		5879
		718
		3295
		22821
		51560
		829
		10015
		351
		1992
		948
		1314
		821
		11315
		3273
		54521
		5777
		10398
		10376
		8773
		27044
		2314
		23406
		1627
		23052
		488
		23344
		6709
		847
		10092
		7879
		7416
		292
		5579
		1465
		25932
		4831
		2876
		2820
		7318
		7203
		51552
		9230
		94121
		7040
		5795
		338
		2812
		136319
		203068
		10938
		56886
		102
		4191
		445582
		7402
		989
		5305
		4673
		3796
		10611
		6678
		1191
		29094
		9578
		395
		3514
		3799
		3937
		10105
		1639
		5742
		5223
		10235
		8775
		10963
		116985
		10855
		10130
		2771
		7532
		83699
		286
		3673
		387
		8853
		5052
		3927
		9601
		9218
		2664
		3500
		7018
		51807
		1785
		11344
		2815
		10093
		10694
		6950
		2821
		9685
		1984
		7086
		396
		23002
		93663
		10576
		928
		5782
		23530
		808
		7276
		11343
		5226
		6184
		271
		50
		5627
		998
		5573
		23352
		83442
		56681
		5236
		1808
		3849
		28988
		10981
		9520
		826
		8997
		6451
		10971
		3106
		2280
		25824
		7873
		9050
		22908
		8676
		1315
		3030
		3313
		7041
		5580
		55198
		9761
		399687
		4735
		2885
		63893
		3308
		55752
		6647
		84959
		22948
		695
		830
		10075
		5037
		6001
		2039
		5093
		162
		10961
		10094
		1937
		3837
		10890
		7417
		10935
		16
		54205
		6352
		1973
		1327
		29766
		523
		54832
		4218
		10954
		5250
		51109
		5110
		5340
		2782
		873
		55832
		4129
		1445
		373156
		160
		308
		55276
		8565
		3843
		408
		23043
		8655
		6777
		23140
		55898
		1981
		10989
		9535
		5494
		5682
		51517
		5499
		392
		9276
		7529
		6774
		908
		90550
		2060
		50807
		93035
		23230
		5688
		5687
		8832
		10575
		5552
		4522
		4026
		11034
		6850
		335
		7920
		10565
		5518
		204
		51727
		6050
		4354
		10574
		7334
		2617
		7456
		10335
		1891
		2171
		5269
		54545
		58513
		6888
		2109
		25796
		5901
		10550
		4067
		5878
		1615
		210
		11252
		5899
		3417
		1399
		23108
		4644
		7284
		163882
		3071
		51347
		2776
		759
		310
		471
		51474
		5567
		1642
		203
		7360
		22820
		6249
		1509
		7295
		84790
		1374
		5062
		51056
		1890
		10549
		81704
		6275
		1759
		7263
		8239
		3028
		353
		57551
		5265
		10396
		2935
		11235
		57482
		57488
		116173
		5592
		55004
		26355
		1666
		3075
		9554
		9402
		1982
		8673
		64407
		10857
		6818
		5861
		6093
		1652
		7511
		1431
		37
		196527
		4659
		11331
		2936
		3094
		259215
		8428
		55031
		1915
		10916
		5336
		8935
		515
		4282
		5578
		6801
		4200
		25934
		10672
		10787
		539
		5689
		80790
		84932
		9368
		10476
		7385
		3709
		55748
		55737
		57175
		5747
		50848
		7165
		5211
		4190
		2010
		100529241
		8615
		3064
		5720
		7076
		55619
		8724
		5550
		4967
		10006
		55233
		91584
		3251
		7871
		6902
		6897
		55611
		4013
		9352
		374354
		5589
		2746
		8821
		5245
		5577
		8440
		51752
		10121
		10211
		5921
		2319
		22795
		311
		22872
		3895
		4641
		10134
		7461
		7381
		5358
		5684
		7384
		509
		5870
		4976
		342618
		5476
		8417
		7514
		3045
		391
		5330
		4905
		8078
		23637
		79930
		1889
		27071
		2287
		3501
		1312
		118
		23256
		55690
		10972
		55968
		81542
		6238
		372
		55914
		9958
		9209
		48
		52
		7332
		9961
		10606
		3956
		10257
		6342
		5036
		10226
		5686
		54732
		51206
		10204
		23164
		51
		93100
		23607
		5272
		754
		5912
		6641
		375033
		23303
		567
		2026
		5880
		81567
		2098
		836
		7739
		3059
		5707
		1345
		8402
		7336
		10654
		4130
		5867
		5917
		5139
		1738
		54676
		27101
		5413
		7178
		2983
		55681
		1650
		84281
		6301
		5781
		5683
		79671
		790
		6185
		11140
		642
		645
		90952
		26986
		4634
		7458
		54509
		23157
		3241
		293
		5696
		6921
		5859
		26130
		476
		6767
		5708
		112
		7448
		102724023
		8209
		10666
		637
		8907
		4217
		120
		9342
		5594
		9097
		163
		11316
		8574
		2730
		23365
		6643
		3612
		2982
		5048
		56850
		3336
		80230
		8760
		6389
		2632
		23071
		6237
		3033
		493856
		79098
		29789
		2108
		1892
		4650
		9322
		80005
		22931
		1938
		6708
		306
		64780
		85439
		50808
		6844
		9046
		1075
		84836
		55075
		56954
		23382
		10313
		126133
		2182
		51015
		28964
		10527
		2783
		27032
		6252
		55207
		9375
		23011
		1329
		9647
		5906
		6772
		58472
		51706
		23654
		5155
		5054
		1936
		26060
		81855
		10072
		26007
		9217
		58497
		201595
		5515
		3032
		6814
		84681
		54863
		347688
		140735
		4738
		644
		51251
		6206
		25782
		3093
		5706
		64420
		7407
		51160
		128
		8943
		3240
		230
		1796
		1434
		8411
		2806
		8536
		8729
		55379
		6742
		3190
		51703
		5588
		2207
		2879
		4701
		5291
		1340
		6789
		6717
		7453
		7454
		9748
		178
		2791
		6279
		6390
		2286
		135228
		1537
		5770
		5685
		5691
		5162
		2781
		57506
		23358
		1155
		2944
		285195
		92259
		5717
		1933
		134957
		9380
		8540
		2947
		9131
		5862
		4719
		55573
		5902
		51135
		2035
		55291
		7431
		84174
		11171
		9764
		2147
		5321
		5976
		427
		4357
		5198
		54472
		5007
		5887
		5721
		3636
		146691
		79643
		7247
		7001
		79666
		51031
		1977
		8661
		9377
		8662
		55529
		377677
		3842
		327
		8073
		326624
		28985
		51181
		57605
		6923
		22930
		9208
		10867
		4676
		55666
		2804
		5365
		22898
		4141
		3155
		80777
		10016
		6793
		6009
		1432
		11164
		2029
		10066
		64115
		7409
		51379
		30844
		8874
		9318
		56829
		128240
		3700
		6845
		833
		1200
		7389
		2766
		84886
		51699
		23558
		3831
		254102
		84376
		53916
		51144
		27243
		526
		9341
		55770
		84687
		5872
		25923
		64122
		83660
		25893
		57606
		307
		9861
		23392
		51571
		11101
		6280
		3915
		10327
		5331
		7335
		55236
		2638
		4513
		378
		8607
		10492
		6525
		5910
		23317
		8567
		3845
		3998
		71
		1622
		121504
		2058
		51138
		60412
		627
		10424
		5962
		5690
		708
		91754
		10128
		2534
		26469
		139818
		10049
		462
		79654
		10402
		92140
		51119
		4048
		7846
		334
		2185
		78991
		4729
		529
		9525
		54935
		28984
		9868
		6548
		191
		26127
		55347
		8546
		1950
		522
		127018
		23564
		1476
		80301
		54927
		5718
		10269
		5270
		581
		4507
		1601
		84817
		8649
		1965
		57674
		29934
		11345
		348
		5701
		3635
		3693
		2739
		391356
		54662
		5692
		1605
		58533
		9973
		10471
		439
		1211
		9551
		26000
		1968
		7323
		8813
		6576
		55604
		57153
		51762
		10920
		55793
		27040
		23294
		34
		10484
		23760
		51506
		10728
		5860
		58527
		28956
		5524
		8895
		11165
		3035
		961
		58477
		23788
		2271
		57470
		11332
		382
		2107
		24139
		721
		10634
		813
		23474
		348093
		26578
		5715
		9632
		54505
		10632
		1841
		2615
		56947
		5716
		4069
		6748
		83700
		51594
		4509
		5585
		91663
		55973
		1635
		84695
		5510
		401494
		57658
		10969
		83451
		4722
		2720
		1656
		2224
		157695
		9373
		7706
		10434
		3069
		23478
		6277
		84064
		26958
		3107
		6817
		51726
		10539
		353376
		123036
		54918
		51429
		2495
		9255
		55967
		11336
		8815
		3633
		9927
		5019
		5049
		51493
		5530
		116496
		29888
		2475
		152007
		4898
		4534
		6455
		4057
		56005
		839
		114882
		9550
		4124
		393
		255252
		23446
		10640
		92521
		153364
		56288
		89846
		10652
		5711
		9844
		8453
		8578
		79778
		90861
		2618
		7386
		222068
		80177
		6521
		57095
		1500
		5202
		4714
		10330
		10077
		9725
		1653
		2631
		521
		10960
		10644
		9788
		22934
		57136
		11261
		4482
		654483
		10163
		5725
		51386
		6253
		23184
		55144
		64746
		9146
		5705
		5611
		5355
		1608
		4134
		10542
		55848
		2710
		2318
		6472
		8904
		3133
		56616
		4726
		5562
		51100
		7525
		2801
		5919
		57614
		5709
		2184
		5500
		10056
		8663
		1503
		158
		9138
		4695
		51596
		2744
		871
		23307
		4074
		23173
		254863
		25979
		26292
		94081
		57700
		51520
		5702
		6197
		29956
		26052
		10013
		79658
		1356
		9789
		7905
		83939
		3678
		5631
		9859
		23243
		4718
		97
		2937
		9898
		10980
		3840
		27089
		51060
		156
		10120
		51719
		5201
		1174
		29966
		5300
		81628
		629
		55622
		8905
		9644
		80124
		5704
		6810
		84532
		29979
		5094
		90673
		682
		6890
		55210
		4715
		4716
		7347
		1967
		11329
		3029
		9361
		1490
		6181
		23019
		4710
		79180
		25840
		1528
		1173
		23196
		27314
		50488
		6840
		1459
		2932
		4702
		8562
		84898
		84305
		959
		223
		9628
		5719
		1654
		5295
		8452
		55024
		92675
		8331
		10959
		94274
		28971
		23299
		8682
		4706
		23376
		3827
		3703
		3692
		788
		9403
		5095
		93974
		3263
		3685
		5163
		10999
		29925
		4725
		23136
		26985
		79717
		51071
		2870
		55823
		4697
		284
		1952
		27095
		4000
		2580
		121512
		2997
		54165
		9693
		5537
		2805
		10988
		28972
		6776
		2778
		8836
		23197
		51495
		55201
		824
		9491
		54776
		10726
		8774
		27068
		51170
		11258
		1
		5106
		10184
		10985
		4087
		25801
		5714
		9040
		6227
		23265
		11212
		30
		1743
		23332
		23
		140609
		28958
		6892
		8799
		7375
		79890
		54976
		25930
		57819
		1603
		51534
		58478
		23597
		51024
		2873
		7078
		64114
		8664
		56904
		2053
		1806
		55074
		80155
		81892
		102724985
		3954
		381
		4698
		4817
		8065
		9043
		207
		444
		11157
		64132
		10460
		389
		23170
		283578
		51097
		56940
		3717
		5154
		196383
		56952
		5023
		5700
		7328
		23644
		26520
		256364
		7145
		3936
		1376
		1521
		10987
		8533
		10856
		10910
		7329
		283450
		5213
		54734
		3707
		10827
		51164
		64786
		7251
		55763
		10939
		867
		4893
		7841
		4900
		10490
		4155
		3507
		5694
		9181
		9652
		2734
		115827
		10564
		9854
		318
		23585
		3074
		7388
		51714
		440026
		10507
		1471
		7163
		30968
		5868
		10282
		403
		94103
		85440
		54987
		3551
		653781
		7353
		23041
		4709
		2745
		1947
		84833
		83658
		79443
		2202
		345651
		51218
		10058
		663
		261726
		222166
		27335
		513
		36
		3606
		9690
		192111
		6374
		55333
		51569
		10342
		51272
		51266
		84328
		350
		6891
		11333
		64743
		7148
		5605
		5710
		31
		122553
		10801
		7225
		5768
		51479
		9919
		5898
		7172
		50865
		51143
		7296
		4363
		8650
		65125
		22818
		3146
		2946
		55114
		7874
		4677
		4705
		23753
		29110
		22870
		1737
		8623
		7019
		8451
		203547
		81932
		56990
		55308
		51382
		2011
		161
		6611
		4700
		57584
		163590
		84516
		6744
		2787
		10426
		54497
		127281
		23633
		4720
		3493
		435
		5464
		91828
		54874
		132789
		50618
		8766
		9669
		254427
		89941
		6272
		3704
		7424
		1267
		2180
		197131
		1176
		51026
		2241
		139322
		10553
		29952
		23682
		1893
		9296
		10617
		613
		3337
		6778
		79017
		831
		22933
		10552
		4723
		1175
		10067
		2212
		8802
		8994
		140739
		5501
		23396
		283
		301
		1384
		1974
		127829
		5204
		27436
		51072
		8826
		157769
		55754
		145567
		8027
		3384
		5636
		23557
		6396
		4925
		9135
		283209
		57130
		4666
		57410
		28952
		9261
		5713
		55161
		51637
		25996
		10681
		2181
		8894
		5973
		4033
		9039
		8883
		9943
		4836
		3699
		26091
		1831
		51465
		10213
		22885
		9363
		2593
		23527
		6016
		39
		9727
		3718
		84270
		55856
		4351
		51292
		7006
		8668
		5050
		26276
		10166
		8665
		10209
		208
		2673
		5203
		55831
		7916
		5869
		11021
		54622
		57464
		1975
		25874
		38
		5294
		2764
		29957
		2882
		8844
		27257
		2
		8266
		79993
		1457
		26999
		8459
		22978
		1668
		9805
		5525
		57222
		309
		8659
		1020
		27131
		10427
		11230
		5832
		5813
		10531
		55773
		26003
		10671
		10791
		1632
		5871
		2274
		10605
		55667
		5495
		216
		5566
		2790
		55847
		5184
		7283
		1371
		8260
		818
		387882
		56474
		1964
		56889
		9526
		1347
		79752
		7429
		80347
		201191
		7867
		10695
		22878
		2921
		4329
		92597
		80700
		11313
		9938
		64175
		163259
		80150
		91039
		54464
		30833
		54495
		29085
		5698
		80218
		5575
		28970
		55707
		29796
		285636
		51228
		9141
		4835
		283237
		84364
		55717
		7411
		7812
		1511
		3416
		6470
		25959
		5621
		5576
		100529144
		112936
		124641
		59345
		135114
		27350
		11311
		56993
		27183
		6738
		3698
		10287
		51110
		347862
		55072
		54344
		81888
		735
		11112
		6059
		6499
		56851
		55902
		4123
		51368
		5634
		3716
		9978
		51115
		84313
		9567
		30851
		2165
		231
		977
		5935
		1962
		23085
		100131187
		54785
		10901
		2530
		9167
		598
		9779
		54414
		54940
		9114
		2242
		3301
		5778
		54809
		92092
		131076
		253725
		1212
		3310
		4122
		6812
		9897
		8192
		9482
		11183
		26517
		79792
		98
		528
		57590
		79877
		11273
		79188
		55229
		10451
		28937
		3646
		1460
		4704
		29937
		22839
		9527
		10190
		2289
		57085
		79065
		79073
		84061
		64005
		60490
		1147
		7372
		1398
		23480
		3048
		4524
		6388
		58505
		29086
		7037
		6387
		1983
		55191
		126326
		23233
		51645
		23534
		3839
		6885
		1739
		205428
		27430
		58485
		10380
		5373
		6449
		2281
		116228
		148362
		126328
		10447
		50813
		9987
		969
		6642
		135644
		254228
		131118
		1120
		51635
		23593
		10618
		30000
		4255
		64837
		64087
		57498
		11079
		9123
		5160
		154790
		129285
		64744
		83986
		5303
		51124
		1468
		26207
		966
		23204
		10131
		1032
		8030
		148932
		79631
		10908
		54961
		57003
		7266
		10844
		56034
		25813
		6051
		9811
		9367
		27258
		84908
		80279
		4012
		1017
		4259
		2802
		5332
		340061
		88455
		56925
		29959
		6195
		1365
		1508
		5699
		8500
		340348
		9002
		51510
		4830
		6224
		51501
		51028
		60492
		60626
		51606
		23122
		4253
		65082
		8666
		669
		653269
		258010
		53938
		9911
		5864
		6234
		51337
		57403
		3694
		10465
		1153
		23061
		81619
		57448
		710
		2395
		55697
		23673
		57617
		3912
		9804
		5096
		10314
		4353
		56926
		9529
		22994
		348262
		375057
		6904
		4728
		8674
		5256
		7109
		283820
		149371
		55327
		6520
		25865
		9701
		23555
		5950
		10928
		9689
		10260
		51125
		283635
		4258
		60485
		9847
		337
		3925
		10449
		2584
		10776
		11018
		26275
		170622
		84617
		80273
		51451
		23143
		10087
		6788
		3185
		54145
		4924
		11031
		90332
		60682
		25953
		93380
		5695
		28976
		400
		1633
		475
		2990
		26519
		200014
		55432
		55852
		64601
		54504
		2952
		4144
		55911
		10158
		8301
		55240
		81615
		80331
		400709
		5119
		26873
		2788
		6102
		4199
		8218
		23180
		51377
		116986
		60496
		29880
		29924
		51399
		6500
		4125
		4267
		1854
		141
		10454
		3910
		255520
		6293
		8936
		133619
		27347
		10491
		10419
		4034
		3267
		10682
		54102
		7257
		55194
		25898
		3187
		10558
		11160
		4712
		9798
		11167
		3735
		80774
		64747
		57704
		11078
		8833
		9049
		9946
		336
		2773
		5693
		10588
		5536
		58190
		11124
		3376
		4832
		9540
		90522
		81889
		84105
		4646
		64708
		3712
		9717
		23262
		23435
		57213
		57019
		199675
		11267
		28299
		3921
		3419
		57553
		55738
		151636
		55631
		7390
		5606
		5520
		5970
		10133
		326625
		83440
		83641
		727957
		51693
		51400
		410
		6652
		3959
		84876
		54704
		54749
		6386
		2794
		2339
		6235
		9382
		29926
		81873
		23423
		8634
		9470
		8669
		3916
		5532
		4047
		622
		9784
		1781
		10533
		3481
		6136
		402
		5873
		60559
		64210
		79058
		51084
		2987
		27236
		57026
		84859
		23339
		10591
		3485
		8848
		201475
		285590
		88
		6747
		10152
		10254
		6119
		3572
		125988
		56984
		10554
		7462
		10113
		5534
		6522
		5877
		64342
		84236
		9125
		94056
		8508
		51566
		10165
		51291
		55544
		54982
		54938
		10768
		8985
		8834
		5610
		2949
		2272
		23203
		10146
		865
		29082
		152100
		57092
		83737
		60314
		54187
		8036
		22875
		160140
		25839
		8635
		2931
		8454
		23304
		90488
		6391
		81490
		9885
		64422
		25843
		121551
		51765
		10159
		9521
		10469
		514
		22879
		60684
		145553
		83473
		84309
		55862
		10217
		4724
		9513
		483
		5756
		8737
		54431
		79876
		11282
		23545
		4154
		197
		9183
		2954
		3420
		10952
		285282
		55297
		126003
		55705
		84326
		54957
		55577
		10273
		6320
		5359
		10651
		5147
		57827
		259
		7852
		117159
		54842
		84893
		100188893
		5074
		9616
		738
		8087
		4708
		967
		10598
		325
		148823
		3257
		84245
		55860
		25771
		345
		22883
		4711
		2317
		4696
		4508
		3502
		4690
		527
		4352
		51142
		56255
		59342
		51522
		9445
		374291
		10955
		100423062
		27333
		8906
		6734
		2235
		2869
		3632
		81532
		7923
		55330
		54539
		26994
		10767
		388931
		252839
		79139
		6905
		6392
		6341
		1678
		302
		1629
		3697
		132
		2647
		57409
		51763
		9061
		6915
		2896
		6038
		6041
		5635
		10541
		8878
		3300
		23172
		10129
		10480
		89978
		91404
		23065
		84299
		64754
		26019
		8891
		25994
		55750
		5004
		1606
		283377
		3081
		30011
		8801
		83786
		1073
		26099
		5306
		10294
		28908
		6697
		4734
		1429
		7170
		80310
		84065
		51128
		5595
		4736
		64928
		79709
		9185
		55610
		56942
		55129
		23589
		8660
		23205
		7940
		10005
		3911
		4713
		4521
		55704
		90639
		84514
		9777
		1361
		128866
		23163
		26973
		10101
		57037
		6654
		10277
		9448
		4790
		2149
		2288
		643008
		92154
		55739
		23155
		5318
		55858
		11276
		130617
		653689
		317
		587
		6218
		26119
		10973
		389203
		64841
		203328
		10493
		80349
		56882
		55647
		10466
		23471
		23549
		9246
		6836
		4707
		6176
		3615
		5604
		6694
		8772
		57707
		23625
		56983
		81502
		8148
		10979
		51389
		91689
		22884
		126382
		55163
		4833
		79001
		9630
		8434
		733
		3913
		6222
		11335
		5754
		51104
		79626
		118881
		84869
		57599
		64083
		89781
		29099
		26523
		83878
		10455
		8723
		9636
		6232
		79184
		6773
		60678
		55157
		51608
		79135
		23509
		55850
		55066
		224
		5886
		4731
		4904
		3476
		10409
		64968
		197322
		414919
		118987
		134492
		84910
		349565
		57608
		23412
		5351
		93436
		9570
		9158
		6480
		6191
		3422
		9354
		57020
		124808
		25940
		83692
		84284
		79672
		6322
		28969
		6693
		563
		159
		4952
		5481
		9111
		740
		137492
		30849
		87769
		11020
		54828
		9908
		80097
		757
		9749
		85021
		8677
		8721
		28793
		5816
		5657
		968
		7064
		662
		129642
		126308
		81790
		84317
		112858
		26031
		63875
		2909
		55915
		51012
		51397
		3964
		7122
		8604
		9871
		2878
		199
		28796
		340146
		55246
		197259
		28998
		60491
		80142
		27247
		10810
		22900
		123283
		5289
		9459
		83605
		26608
		2592
		6223
		27072
		389541
		143098
		55275
		83787
		79178
		83638
		79587
		23473
		643246
		81689
		23215
		6207
		7264
		60560
		641371
		54534
		152579
		2639
		119032
		95681
		23408
		102724197
		10724
		23410
		79415
		1861
		2512
		153743
		4131
		1994
		154807
		91942
		63874
		5833
		28991
		57129
		64328
		10906
		347
		8396
		5165
		9648
		55740
		7273
		55102
		55204
		53944
		54994
		54948
		6990
		84747
		7260
		63894
		10802
		474384
		10135
		4682
		91949
		79634
		55313
		23405
		3189
		85329
		4312
		6129
		3181
		373
		3078
		8898
		11000
		282973
		221154
		5257
		131870
		55768
		27109
		25814
		283871
		5529
		23345
		2193
		369
		3430
		10063
		59307
		60561
		60312
		9989
		57148
		55676
		25938
		11260
		3495
		2717
		175
		8892
		394
		9321
		23325
		55684
		169611
		348110
		78987
		7265
		23729
		7189
		1499
		5528
		3073
		10236
		8303
		7035
		5304
		4629
		5092
		7322
		7024
		285148
		84301
		64760
		90231
		87178
		91408
		80143
		10616
		50999
		51021
		23616
		27342
		79956
		84342
		9517
		10534
		25816
		2803
		2110
		399512
		51435
		257397
		128637
		134147
		729991
		5814
		55501
		6683
		6945
		10994
		129446
		3920
		727
		4256
		716
		2920
		4594
		2653
		214
		124997
		170954
		5641
		112724
		153339
		92017
		79763
		25828
		81579
		54951
		51257
		11161
		23200
		35
		4257
		6464
		2770
		90
		50814
		83693
		27248
		92399
		10519
		80727
		55111
		94101
		80221
		3184
		1182
		1293
		148223
		9
		2161
		1991
		1452
		6208
		2079
		2275
		10139
		9694
		54625
		286749
		25901
		148867
		5875
		115361
		80755
		3021
		8480
		4065
		8624
		4018
		7327
		8226
		7205
		388115
		89910
		93487
		9474
		84191
		9524
		51690
		5172
		4815
		26035
		374882
		6193
		10328
		27429
		53
		7430
		7077
		1396
		1184
		5876
		7555
		388753
		253260
		223082
		572
		51011
		90407
		1130
		8569
		23786
		59286
		64077
		56674
		7249
		80219
		54887
		51651
		8741
		7204
		150
		3163
		5571
		1660
		4580
		3396
		51234
		23367
		54812
		55582
		83666
		135112
		56478
		29108
		8667
		10516
		8867
		25870
		5565
		10613
		5447
		566
		7915
		6230
		6156
		23333
		79174
		130589
		11163
		6400
		25804
		63940
		6188
		124801
		23259
		844
		6282
		1819
		55784
		112849
		54468
		51226
		9328
		1777
		3182
		196463
		5509
		3503
		722
		8288
		140465
		64081
		3483
		5176
		89
		22796
		84162
		22848
		55362
		79782
		10670
		23171
		5819
		64978
		83696
		79020
		286257
		80232
		23426
		728378
		10423
		56052
		3421
		55054
		10659
		8295
		11051
		10298
		4140
		2729
		55014
		549
		63891
		201626
		60493
		79837
		25929
		142679
		79571
		26528
		114770
		84693
		10048
		51185
		84250
		51204
		83460
		51260
		79031
		26589
		57511
		51642
		55287
		8678
		3340
		10162
		5138
		2590
		56061
		6210
		8714
		10911
		3512
		6385
		6202
		1487
		440574
		79714
		154791
		84262
		55735
		55156
		11213
		8717
		23072
		64225
		10581
		54822
		2762
		57017
		7542
		23556
		1401
		958
		1495
		10247
		6636
		6633
		2948
		8514
		2582
		4056
		23274
		79591
		401548
		253558
		26058
		200185
		51112
		9238
		56265
		6612
		26521
		57048
		201965
		79036
		5863
		26046
		9532
		6175
		4624
		6187
		2232
		6217
		4799
		9744
		29066
		132321
		84896
		9950
		53917
		83548
		51573
		150684
		253959
		3276
		6311
		121441
		6585
		729
		4121
		2712
		9325
		92609
		26088
		221035
		85007
		55288
		84545
		90268
		115704
		114885
		54981
		51264
		60592
		117178
		51002
		10311
		80346
		54520
		10982
		8473
		8767
		5005
		5267
		2628
		3306
		5471
		7965
		10202
		282991
		10498
		85365
		79720
		8877
		51327
		5298
		51647
		57826
		2585
		51068
		57404
		28916
		51646
		7280
		6856
		158219
		200162
		51020
		128308
		284161
		246184
		79939
		84079
		64170
		83938
		29855
		57465
		65993
		817
		118426
		4615
		10494
		10228
		6590
		4619
		173
		837
		7504
		51126
		56907
		11214
		8754
		578
		130355
		643853
		51122
		85377
		57179
		286451
		112574
		55177
		10300
		84056
		64983
		84668
		56006
		64121
		51324
		80148
		3487
		83930
		85378
		51019
		253827
		23224
		51081
		63931
		28449
		3479
		4635
		440145
		51177
		1741
		151742
		85369
		374897
		56267
		200728
		6361
		219402
		56888
		10000
		8890
		8518
		2992
		146705
		10425
		3949
		3738
		4245
		896
		6416
		2330
		4597
		7042
		3930
		91373
		57505
		117145
		79627
		90480
		1794
		114883
		79038
		65991
		65005
		83690
		79077
		25831
		23335
		29886
		6147
		9101
		8653
		51035
		51504
		57120
		4149
		26227
		9545
		4179
		10238
		667
		4086
		440138
		285203
		388552
		55585
		64975
		90411
		54536
		65264
		5564
		9939
		23053
		201229
		10295
		22824
		114908
		1657
		5128
		53349
		22
		344
		5553
		4668
		3667
		79712
		376497
		7798
		131474
		116151
		10198
		56181
		64145
		56894
		51652
		4940
		3054
		57496
		133686
		23241
		3984
		732
		9512
		8125
		11337
		5649
		90507
		54499
		27299
		11216
		7358
		86
		28822
		28913
		3006
		6278
		1069
		6203
		9801
		220988
		100272147
		5516
		114294
		23198
		4343
		84263
		219927
		284273
		255919
		115817
		80227
		90580
		79874
		440193
		27034
		6453
		9815
		4076
		374659
		10567
		4660
		9829
		1523
		2671
		5881
		6189
		10907
		10953
		80772
		22874
		285855
		404636
		51167
		23111
		54795
		140707
		26128
		65992
		81609
		79156
		64689
		84300
		55335
		10422
		84520
		140809
		64761
		64848
		50515
		26515
		29062
		5352
		84936
		5238
		4537
		1350
		3148
		1774
		6182
		4249
		288
		2887
		841
		55843
		9910
		80017
		129563
		26984
		83742
		29074
		84557
		10011
		56943
		25764
		27229
		651746
		25989
		2799
		80315
		10399
		4772
		64223
		26092
		54629
		8443
		9559
		551
		731
		5033
		6723
		706
		2810
		83481
		3661
		161882
		219771
		2800
		133957
		10142
		80262
		83452
		22918
		51372
		25820
		550
		54103
		23355
		53407
		79628
		6811
		5261
		6169
		3983
		9683
		9391
		10452
		4514
		6513
		215
		1611
		414
		538
		5818
		55020
		79651
		57132
		91875
		84522
		64419
		4750
		51095
		23443
		89122
		64073
		84233
		83549
		23456
		11277
		9577
		57180
		57169
		51661
		284697
		51599
		53373
		10010
		221955
		147007
		26960
		387680
		81037
		54939
		820
		6036
		835
		5498
		840
		4116
		7186
		950
		80018
		27433
		79865
		283897
		126432
		11064
		55854
		494143
		24142
		113178
		84340
		81844
		53343
		51209
		83636
		55589
		11123
		23192
		51668
		2547
		24138
		84700
		79621
		6305
		57720
		84961
		10755
		8560
		8312
		4717
		3958
		3933
		3836
		7337
		1793
		23395
		6834
		79670
		64167
		54862
		25851
		7248
		51744
		25921
		84100
		64795
		25904
		55231
		23118
		29088
		23264
		9874
		9107
		23341
		10717
		9743
		10478
		55245
		79033
		7341
		5757
		493753
		285175
		79089
		51303
		51155
		1675
		55851
		7305
		4694
		793
		4318
		6118
		952
		3080
		819
		5918
		6414
		9364
		4670
		2531
		11272
		93643
		439996
		79772
		90809
		57171
		403313
		337867
		80146
		26135
		158747
		55466
		79568
		9663
		116540
		80153
		91289
		57045
		55644
		51271
		9637
		29883
		10014
		79699
		10577
		1183
		29114
		6372
		9093
		10040
		573
		8450
		51073
		2219
		9639
		10899
		9991
		3053
		5792
		3737
		3732
		5824
		10483
		5586
		283951
		114769
		219899
		54914
		122704
		162427
		317649
		51633
		9780
		10111
		93185
		79590
		9444
		56922
		84766
		57665
		26225
		100287171
		390916
		55664
		54859
		25978
		55325
		1207
		4216
		6494
		842
		7072
		7082
		6139
		64149
		9703
		6183
		10653
		22826
		8915
		28452
		3135
		6532
		23581
		6283
		221960
		6503
		26063
		728568
		55556
		374395
		219988
		118424
		23301
		54332
		23234
		599
		63933
		24145
		79140
		79624
		54847
		94235
		3091
		1209
		23150
		55591
		3872
		4542
		2052
		673
		3929
		6558
		8738
		4791
		8881
		23513
		537
		200186
		414328
		23254
		90678
		197258
		23659
		126119
		147179
		54557
		23765
		113675
		79143
		83547
		266812
		10280
		28992
		85465
		79735
		58488
		10746
		90835
		8991
		4582
		79944
		9654
		7112
		10289
		8483
		5104
		761
		6037
		1832
		1066
		4771
		5608
		9772
		5922
		10262
		283464
		84267
		90624
		116068
		55669
		339487
		57531
		26090
		91647
		80308
		147339
		221184
		30001
		78988
		114876
		84164
		79657
		56998
		54995
		23166
		51449
		9990
		57610
		29982
		8780
		22800
		9045
		55062
		51065
		23095
		11098
		28903
		8970
		3538
		3539
		5911
		5290
		1264
		5728
		6616
		7326
		1742
		6876
		1823
		11047
		6150
		84826
		144245
		200205
		1355
		9900
		11322
		122961
		149951
		359845
		348995
		140838
		401152
		54434
		126298
		115825
		90139
		8139
		9455
		89953
		7342
		51194
		10394
		51463
		83892
		132001
		91137
		23012
		4287
		3950
		1004
		6134
		7095
		100287932
		10725
		2268
		2038
		4332
		8644
		7319
		3795
		5531
		54460
		2313
		79026
		9100
		6358
		1716
		201292
		23370
		134637
		57521
		25963
		79137
		63915
		23190
		4814
		54797
		83590
		79751
		56261
		55621
		553115
		29978
		27161
		23078
		8761
		253832
		1756
		2022
		27010
		85464
		3178
		8243
		21
		7442
		3270
		4849
		64598
		8993
		874
		9453
		6286
		2213
		3305
		6291
		5538
		3208
		23130
		9144
		79987
		389362
		221294
		9696
		54926
		23187
		56262
		23587
		90423
		29920
		51247
		25915
		347733
		25912
		80817
		79961
		55033
		55662
		51256
		51527
		11231
		10450
		9126
		1456
		55048
		90826
		81562
		26065
		9477
		5170
		10393
		10349
		57486
		100528030
		999
		11119
		8487
		116844
		28938
		354
		94239
		409
		6133
		157
		7428
		23521
		7321
		6635
		1828
		95
		2267
		23279
		3026
		4841
		5801
		8925
		157922
		150368
		57478
		121457
		137964
		57118
		51008
		51099
		124220
		64215
		125228
		84311
		53918
		81858
		51611
		79796
		57724
		79868
		54936
		54928
		1717
		29122
		23431
		51005
		26093
		221443
		57698
		3068
		80212
		6198
		6428
		85013
		10188
		5437
		5130
		55346
		7297
		6141
		147965
		11342
		8636
		8482
		55937
		8876
		23417
		3265
		3050
		1421
		5345
		2939
		6288
		490
		2633
		8021
		5905
		1027
		5533
		976
		10923
		3275
		54020
		6231
		5723
		22949
		11022
		112268437
		10061
		201627
		93627
		257364
		129531
		9807
		81555
		26472
		6423
		51290
		4927
		55658
		27113
		83982
		57128
		56953
		57099
		54148
		29078
		51542
		23154
		23670
		51715
		617
		51650
		9750
		79861
		28966
		100529261
		84134
		4001
		9659
		3778
		83544
		4485
		115201
		2521
		6426
		6205
		8882
		9553
		2995
		1152
		2752
		671
		5865
		1370
		1381
		2634
		6124
		6204
		10007
		501
		1186
		586
		6575
		5082
		1978
		5118
		23475
		9319
		135154
		79612
		22863
		54931
		8496
		100506144
		23550
		160760
		56890
		115098
		55037
		118980
		55256
		84674
		64682
		29965
		64174
		146754
		51027
		10002
		84062
		29097
		4809
		23479
		23586
		63908
		1121
		7536
		358
		57446
		23169
		3801
		23080
		80208
		51316
		8050
		6557
		7369
		11127
		3489
		6132
		6144
		1723
		10747
		375790
		9917
		9182
		9860
		285527
		8987
		4850
		183
		28930
		3122
		6779
		217
		1278
		3684
		3009
		5793
		6137
		4939
		3988
		6281
		11118
		60488
		3339
		4773
		10312
		5357
		388962
		56270
		284119
		157378
		84895
		55568
		84447
		56605
		132720
		55972
		51263
		8939
		23178
		84993
		140825
		29090
		51253
		80013
		56927
		55326
		55168
		30846
		57609
		57533
		27019
		51434
		23112
		4733
		9150
		28977
		3689
		2958
		11253
		109
		6634
		9179
		23214
		11222
		100
		7011
		90850
		207063
		1428
		9931
		6154
		6626
		10456
		9895
		1783
		8000
		8372
		755
		2542
		3281
		6731
		10614
		28933
		28442
		3494
		714
		5555
		4540
		1536
		8334
		481
		200035
		3008
		2027
		55
		5444
		6362
		3188
		58
		55173
		4247
		5164
		6847
		55720
		29095
		947
		9473
		64359
		84193
		112812
		85415
		23386
		152002
		221496
		55181
		257160
		9240
		134266
		7464
		7803
		143187
		64951
		26018
		83443
		90070
		79760
		10884
		23400
		55149
		55011
		11054
		8697
		23524
		29928
		29968
		7422
		79937
		285966
		4361
		23762
		8315
		8880
		9267
		9162
		10318
		10579
		29093
		10499
		26273
		4192
		9166
		387522
		866
		6727
		10509
		5414
		4089
		79002
		84337
		284361
		1676
		4242
		4286
		28820
		28919
		6289
		5551
		3007
		28912
		4691
		810
		4046
		5601
		6159
		653499
		3101
		8863
		54331
		6135
		64963
		375
		3192
		7073
		10381
		9929
		8527
		283742
		255967
		85012
		118460
		259173
		10463
		64784
		10562
		55679
		64131
		79803
		84128
		55601
		280636
		166378
		91768
		112495
		55312
		54461
		118487
		114836
		25927
		157657
		57679
		22980
		54968
		56898
		55080
		374860
		79718
		79879
		57402
		57226
		29126
		54543
		1522
		23075
		51725
		28232
		9344
		25793
		55905
		26030
		54471
		2048
		965
		64432
		6605
		23582
		29916
		29927
		10808
		8764
		65983
		4488
		6916
		116461
		653505
		29985
		56945
		6632
		91300
		889
		1641
		653464
		8318
		10840
		10667
		28921
		28816
		10382
		200933
		2548
		8519
		3123
		4082
		219
		200081
		359
		4528
		987
		2014
		8341
		8140
		7373
		4643
		3708
		79901
		128989
		768239
		390637
		347404
		84315
		152330
		84464
		1845
		84269
		345757
		80344
		123970
		79833
		55526
		83594
		79183
		92579
		23623
		23731
		60489
		57102
		56893
		56895
		23640
		51162
		26272
		23569
		7779
